query,reference_id
20대쿠션올리브영백화점비교,CS-KW-289
30대모공커버쿠션,CS-KW-290
여쿨쿠션추천,CS-KW-291
40대피부쿠션,CS-KW-292
겨쿨쿠션추천,CS-KW-293
40대자연스러운쿠션,CS-KW-294
50대주름없는쿠션,CS-KW-295
50대글로우새틴쿠션,CS-KW-296
50대자연스러운커버쿠션,CS-KW-297
건성쿠션보습성분,CS-KW-298
건성글로우촉촉쿠션가격차이,CS-KW-299
여름뮤트쿠션추천,CS-KW-300
겨울건성쿠션,CS-KW-301
겨울글로우새틴쿠션,CS-KW-302
봄웜쿠션추천,CS-KW-303
번들거리지않는글로우쿠션,CS-KW-304
물광글로우쿠션,CS-KW-305
럭셔리쿠션브랜드특징,CS-KW-306
가을웜쿠션추천,CS-KW-307
매트쿠션가격대비교,CS-KW-308
명품쿠션피부타입별특징,CS-KW-309
명품쿠션선물패키지,CS-KW-310
가을뮤트쿠션추천,CS-KW-311
무너짐없는쿠션화해더쿠,CS-KW-312
민감성쿠션성분,CS-KW-313
민감성트러블없는쿠션,CS-KW-314
여쿨쿠션호수,CS-KW-315
복합성쿠션올리브영백화점비교,CS-KW-316
겨쿨쿠션호수,CS-KW-317
수부지세미매트글로우,CS-KW-318
수부지부위별쿠션,CS-KW-319
여름뮤트쿠션호수,CS-KW-320
여름쿠션디올헤라비교,CS-KW-321
여름쿠션워터프루프일반비교,CS-KW-322
올아워파운데이션사용감,CS-KW-323
올아워파운데이션색상,CS-KW-324
봄웜쿠션호수,CS-KW-325
여름자외선차단쿠션,CS-KW-326
가을웜쿠션호수,CS-KW-327
지성커버력쿠션,CS-KW-328
지성유분컨트롤쿠션,CS-KW-329
가을뮤트쿠션호수,CS-KW-330
쿠션지속력세팅스프레이,CS-KW-331
지속력명품쿠션비교,CS-KW-332
촉촉한커버력쿠션,CS-KW-333
촉촉한무너짐적은쿠션,CS-KW-334
디올입생로랑쿠션21호비교,CS-KW-335
커버력좋고성분순한쿠션,CS-KW-336
헤라입생로랑쿠션21호비교,CS-KW-337
가성비커버력쿠션,CS-KW-338
쿠션리필교체주기일반,CS-KW-339
쿠션리필본품이득,CS-KW-340
수정화장쿠션추천,CS-KW-341
매일쿠션리필교체주기,CS-KW-342
쿠션21호23호호수비교,CS-KW-343
수정화장일반쿠션차이,CS-KW-344
쿠션피부타입별고르기,CS-KW-345
로드샵백화점쿠션성능비교,CS-KW-346
3만원대쿠션추천,CS-KW-347
쿠션온라인매장비교,CS-KW-348
쿠션파운데이션명품로드샵순위,CS-KW-349
쿠션파운데이션순위1위,CS-KW-350
쿠션파운데이션커버력차이,CS-KW-351
쿠션리퀴드파운데이션비교,CS-KW-352
지속력좋은쿠션파운데이션순위,CS-KW-353
쿠션파운데이션피부타입별고르기,CS-KW-354
쿠션퍼프실리콘일반차이,CS-KW-355
밀착력좋은쿠션퍼프,CS-KW-356
자연스러운톤업쿠션,CS-KW-357
톤업보정자연스러운쿠션,CS-KW-358
피부결보정블러쿠션,CS-KW-359
피부결커버쿠션,CS-KW-360
10만원여자선물,GF-KW-145
10만원명품화장품선물목록,GF-KW-146
10만원대명품화장품브랜드비교,GF-KW-147
10만원향수립핸드크림비교,GF-KW-148
15만원격식있는선물,GF-KW-149
15만원대명품선물비화장품,GF-KW-150
15만원여자친구선물,GF-KW-151
20만원대명품화장품고급스러움,GF-KW-152
20만원대명품화장품세트,GF-KW-153
20만원대향수단품화장품세트비교,GF-KW-154
20만원대명품향수vs화장품세트,GF-KW-155
3만원여자선물,GF-KW-156
3만원대여자화장품선물,GF-KW-157
3만원센스있는여자선물,GF-KW-158
5만원여자화장품선물,GF-KW-159
5만원이하화장품선물,GF-KW-160
5만원대뷰티선물구성,GF-KW-161
5만원미니향수핸드크림립밤비교,GF-KW-162
결혼기념일매년선물,GF-KW-163
결혼기념일와이프선물,GF-KW-164
결혼기념일향수주얼리비교,GF-KW-165
결혼기념일20만원대,GF-KW-166
기념일선물종류,GF-KW-167
기념일여자좋아하는선물,GF-KW-168
기념일여자15만원대선물,GF-KW-169
럭셔리여자선물,GF-KW-170
럭셔리선물화장품가방비교,GF-KW-171
럭셔리선물여자20만원대,GF-KW-172
명품선물세트구성,GF-KW-173
명품선물세트가격대,GF-KW-174
명품선물세트포장,GF-KW-175
명품화장품선물반응,GF-KW-176
명품화장품선물인기순위,GF-KW-177
명품화장품브랜드별대표,GF-KW-178
명품화장품립스킨케어선물비교,GF-KW-179
명품화장품로드샵비교,GF-KW-180
유명명품화장품브랜드,GF-KW-181
명품화장품입문선물,GF-KW-182
발렌타인남자여자화장품선물,GF-KW-183
발렌타인화장품선물가능,GF-KW-184
발렌타인화장품시즌패키지,GF-KW-185
발렌타인화장품한정판,GF-KW-186
백화점화장품선물격식,GF-KW-187
백화점화장품포장서비스,GF-KW-188
백화점화장품선물포장예쁜브랜드,GF-KW-189
백화점화장품10만원대선물,GF-KW-190
사귄지3개월여자생일선물,GF-KW-191
20대여자생일선물,GF-KW-192
10만원생일선물,GF-KW-193
선물세트가성비,GF-KW-194
인기화장품선물세트브랜드,GF-KW-195
포장예쁜선물세트,GF-KW-196
여자센스있는선물,GF-KW-197
여자나이대별선물,GF-KW-198
여자연령대별화장품카테고리,GF-KW-199
여자선물화장품향수비교,GF-KW-200
화장품선물포장직접,GF-KW-201
화장품선물포장예쁜브랜드,GF-KW-202
화장품브랜드포장서비스,GF-KW-203
시어머니생신화장품,GF-KW-204
시어머니화장품선물가능,GF-KW-205
60대시어머니화장품선물,GF-KW-206
시어머니화장품백화점온라인비교,GF-KW-207
어버이날정성선물,GF-KW-208
어버이날선물인기순위,GF-KW-209
50대이상어버이날화장품,GF-KW-210
어버이날5만원대선물,GF-KW-211
50대엄마어버이날화장품,GF-KW-212
어버이날엄마화장품선물,GF-KW-213
50대60대어머니인기화장품브랜드,GF-KW-214
어버이날화장품세트포장예쁜,GF-KW-215
50대초반엄마생일선물,GF-KW-216
엄마생일화장품선물,GF-KW-217
엄마생일화장품건강식품비교,GF-KW-218
10만원대엄마생일격식선물,GF-KW-219
여사친적당한선물,GF-KW-220
여사친핸드크림바디선물,GF-KW-221
여사친부담없는가격대,GF-KW-222
5만원여사친향수미니어처핸드크림,GF-KW-223
여자생일화장품무난,GF-KW-224
여자생일연령대별,GF-KW-225
여자생일포장예쁜선물,GF-KW-226
여자친구생일색다른선물,GF-KW-227
여자친구생일화장품브랜드,GF-KW-228
여자친구생일화장품카테고리,GF-KW-229
여자친구생일향수립세트비교,GF-KW-230
여자친구선물향수화장품세트가성비,GF-KW-231
여자대학졸업선물,GF-KW-232
졸업화장품선물,GF-KW-233
5만원대졸업센스선물,GF-KW-234
취향모를때화장품선물,GF-KW-235
취향모를때선물추천,GF-KW-236
취향몰라도실패없는화장품,GF-KW-237
취향모를때안전한선물금액,GF-KW-238
카카오선물하기성의,GF-KW-239
카카오선물하기화장품가능,GF-KW-240
카카오선물하기인기뷰티카테고리,GF-KW-241
카카오선물하기화장품향수인기,GF-KW-242
카카오선물하기화장품종류,GF-KW-243
카카오선물하기백화점가격비교,GF-KW-244
카카오선물하기명품화장품,GF-KW-245
크리스마스여자화장품,GF-KW-246
크리스마스한정판화장품브랜드,GF-KW-247
크리스마스홀리데이에디션비교,GF-KW-248
크리스마스명품화장품향수비교,GF-KW-249
크리스마스화장품조기구매할인,GF-KW-250
향수립스틱선물안전,GF-KW-251
향수립스틱선물반응,GF-KW-252
향수립스틱선물여자선호,GF-KW-253
10만원향수립스틱세트비교,GF-KW-254
호불호안갈리는화장품선물,GF-KW-255
호불호없는향수핸드크림바디로션,GF-KW-256
호불호적은화장품카테고리,GF-KW-257
호불호없는향수핸드크림비교,GF-KW-258
연말홀리데이뷰티세트,GF-KW-259
홀리데이뷰티세트매년,GF-KW-260
홀리데이뷰티세트출시일정,GF-KW-261
인기홀리데이뷰티세트브랜드,GF-KW-262
홀리데이한정연중판매비교,GF-KW-263
홀리데이뷰티세트품절시기,GF-KW-264
홀리데이뷰티세트예약,GF-KW-265
화이트데이트렌드선물,GF-KW-266
화이트데이여자친구취향모를때,GF-KW-267
화이트데이5만원10만원선물,GF-KW-268
화장품브랜드추천,GF-KW-269
20대인기화장품브랜드,GF-KW-270
선물용화장품브랜드,GF-KW-271
남자화장품선물안전,GF-KW-272
남자화장품선물주의사항,GF-KW-273
남자매장편한화장품선물,GF-KW-274
남자모르는화장품선물,GF-KW-275
남자사주는화장품추천,GF-KW-276
화장품선물카테고리정리,GF-KW-277
화장품선물트렌드,GF-KW-278
화장품선물기초향수립만족도,GF-KW-279
무난센스있는화장품선물,GF-KW-280
매장직원화장품선물상담,GF-KW-281
무난한화장품선물,GF-KW-282
브랜드별인기화장품선물,GF-KW-283
백화점카카오화장품선물비교,GF-KW-284
화장품선물세트단품반응,GF-KW-285
화장품세트단품비교,GF-KW-286
화장품세트구성좋은브랜드,GF-KW-287
10만원대화장품세트선물,GF-KW-288
20대중반여자향수,PF-KW-001
20대여자향수순위,PF-KW-002
20대여성달달한프루티향수,PF-KW-003
30대여자향수추천,PF-KW-004
30대여자고급향수,PF-KW-005
30대우디플로럴머스크비교,PF-KW-006
가을어울리는향수,PF-KW-007
가을앰버머스크데일리향수,PF-KW-008
가을우디오리엔탈향수비교,PF-KW-009
겨울따뜻한향수,PF-KW-010
겨울향수계열,PF-KW-011
겨울데일리향수,PF-KW-012
남자향수입문방법,PF-KW-013
남자향수입문가성비,PF-KW-014
남자향수입문명품,PF-KW-015
남자향수첫구매,PF-KW-016
20대남자향수추천,PF-KW-017
남자우디시트러스여자선호,PF-KW-018
니치향수뜻,PF-KW-019
니치향수입문브랜드,PF-KW-020
니치향수가격대,PF-KW-021
바닐라달달한향수,PF-KW-022
달달한향수캬라멜꿀,PF-KW-023
달달한향수바닐라프랄린비교,PF-KW-024
데이트은은한향수,PF-KW-025
남자가좋아하는여자향수,PF-KW-026
데이트가벼운향수,PF-KW-027
데일리질리지않는향수,PF-KW-028
데일리은은한향수,PF-KW-029
데일리비누향파우더리비교,PF-KW-030
데일리가벼운깊은향수비교,PF-KW-031
해외여행면세점향수,PF-KW-032
면세점향수가격,PF-KW-033
면세점향수가격비교,PF-KW-034
면세점향수온라인사전주문,PF-KW-035
명품향수입문추천,PF-KW-036
20만원이하명품향수,PF-KW-037
디올입생로랑향수비교,PF-KW-038
명품향수지속력순위,PF-KW-039
취향모를때무난한향수선물,PF-KW-040
취향몰라도무난한향수,PF-KW-041
실패없는무난한향수선물,PF-KW-042
향수대신바디미스트,PF-KW-043
바디미스트향수차이,PF-KW-044
2만원대바디미스트,PF-KW-045
백화점향수코너추천,PF-KW-046
백화점향수온라인가격차이,PF-KW-047
백화점향수샘플사은품,PF-KW-048
백화점향수포인트혜택,PF-KW-049
봄어울리는향수,PF-KW-050
봄가볍고화사한향수,PF-KW-051
벚꽃시즌플로럴향수,PF-KW-052
봄피오니체리블라썸향수비교,PF-KW-053
사무실민폐안되는향수,PF-KW-054
오피스깔끔한향수,PF-KW-055
사무실머스크그린향수비교,PF-KW-056
친구생일향수선물,PF-KW-057
여자친구생일향수,PF-KW-058
생일선물무난한향수,PF-KW-059
호불호없는선물향수,PF-KW-060
선물향수달달한상쾌한비교,PF-KW-061
향수선물포장브랜드,PF-KW-062
실패없는향수고르는법,PF-KW-063
향수처음사는사람실패없는,PF-KW-064
실패없는향수진짜,PF-KW-065
어머니날향수선물,PF-KW-066
50대여성향수선물,PF-KW-067
50대엄마향수,PF-KW-068
여름날아가지않는향수,PF-KW-069
남녀공용시트러스여름향수,PF-KW-070
여름플로럴시트러스아쿠아비교,PF-KW-071
여름시트러스아쿠아지속력,PF-KW-072
은은하고오래가는여성향수,PF-KW-073
여성향수고르는기준,PF-KW-074
여성향수무난한선물,PF-KW-075
여자친구안써본향수선물,PF-KW-076
여자친구인기향수브랜드,PF-KW-077
여자친구향수화장품비교,PF-KW-078
20대후반여자데일리향수,PF-KW-079
여자가벼운향수추천,PF-KW-080
여자향수인기브랜드TOP5,PF-KW-081
향수모르는남자여친선물,PF-KW-082
여친향수선물추천,PF-KW-083
여자들좋아하는향수톱5,PF-KW-084
나무향차분한향수,PF-KW-085
우디향수샌달우드시더우드베티버,PF-KW-086
우디향수여자남자차이,PF-KW-087
요즘인기향수,PF-KW-088
올해여자향수인기TOP10,PF-KW-089
향수스테디셀러순위,PF-KW-090
오래가는향수추천,PF-KW-091
6시간지속향수,PF-KW-092
지속력향수순위,PF-KW-093
카카오선물하기향수가품,PF-KW-094
카카오선물하기향수가능,PF-KW-095
카카오선물하기향수브랜드,PF-KW-096
커플공용향수,PF-KW-097
커플향수세트,PF-KW-098
기념일커플향수선물,PF-KW-099
꽃향기향수세련된,PF-KW-100
플로럴향수장미아닌,PF-KW-101
플로럴향수싱글노트부케비교,PF-KW-102
비싼향수차이,PF-KW-103
향수가격대별브랜드,PF-KW-104
5만원대향수,PF-KW-105
살냄새와어울리는향수,PF-KW-106
향수레이어링조합,PF-KW-107
향수레이어링세트,PF-KW-108
유명향수브랜드,PF-KW-109
명품향수브랜드특징,PF-KW-110
명품향수브랜드시그니처,PF-KW-111
가성비명품향수브랜드차이,PF-KW-112
향수샘플구하는곳,PF-KW-113
향수샘플용량,PF-KW-114
향수샘플세트판매,PF-KW-115
향수디스커버리세트,PF-KW-116
향수선물세트미니어처,PF-KW-117
향수선물세트단품비교,PF-KW-118
가격대별향수선물세트,PF-KW-119
여자친구향수선물추천,PF-KW-120
향수선물무난한향,PF-KW-121
향수선물세트단품반응,PF-KW-122
향수선물풀사이즈미니어처비교,PF-KW-123
향수시향하는곳,PF-KW-124
유니크한향수,PF-KW-125
백화점시향향수샘플비교,PF-KW-126
향수입문시작,PF-KW-127
향수입문실패없는,PF-KW-128
오드뚜왈렛오드퍼퓸차이,PF-KW-129
향수입문EDTEDP선택,PF-KW-130
향수지속력짧은이유,PF-KW-131
향수지속력높이는법바세린,PF-KW-132
향수지속력건성지성,PF-KW-133
향수지속력사람마다다른이유,PF-KW-134
요즘향수추천,PF-KW-135
입문자향수추천,PF-KW-136
계절별향수계열,PF-KW-137
10만원대향수추천,PF-KW-138
30대초반사무실향수,PF-KW-139
여자플로럴우디향수비교,PF-KW-140
여자향수50ml100ml비교,PF-KW-141
지나갈때향기나는향수,PF-KW-142
확산력좋은잔향예쁜향수,PF-KW-143
확산력향수은은한강한비교,PF-KW-144
